id,txtName,txtCode,booPrefer,numNote,txtSpelling,numOrdering,numSymForms,numHalfStepsInRow,txtNumIntervalForm,txtAltNames
1,Major Second Interval,n2,0,2,2,512,0,1,2,Whole-tone
2,Major Third,n3,0,2,3,128,0,1,4,
3,Perfect Fourth Interval,P4,0,2,4,64,0,1,5,Honchoshi
4,Perfect Fifth,P5,1,2,5,16,0,1,7,Niagari Scale
5,Major Sixth Interval,n6,1,2,6,4,0,1,9,
6,Major Seventh Interval,n7,1,2,7,1,0,2,11,
7,Minor Second Interval,d2,0,2,b2,1024,0,2,1,Semitone
8,Minor Third,d3,0,2,b3,256,0,1,3,
9,Tritone,T,1,2,b5,32,1,1,6,
10,Minor Sixth Interval,d6,1,2,b6,8,0,1,8,
11,Minor Seventh Interval,d7,1,2,b7,2,0,1,10,Warao Diatonic
12,Sus Two Chord,sus2,0,3,"2,5",528,0,1,2 5,Quartal Trichord
13,Major Chord,M,1,3,"3,5",144,0,1,4 3,"Raga Malasri, Peruvian Tritonic One"
14,Major Flat Five,Mb5,1,3,"3,b5",160,0,1,4 2,
15,Aug Chord,+,1,3,"3,b6",136,1,1,4 4,"Semitone Scale, Four Semitone, Major Sharp Five"
16,Sus Four,sus4,1,3,"4,5",80,0,1,5 2,Raga Sarvasri
17,Sansagari,Sans,0,3,"4,b7",66,0,1,5 5,
18,Minor Chord,-,1,3,"b3,5",272,0,1,3 4,Peruvian Tritonic Two
19,Peruvian Tritonic,Peru3,0,3,"b3,6",260,0,1,3 6,Ute Tritonic
20,Dim Chord,o,1,3,"b3,b5",288,0,1,3 3,
21,Ute Tritonic,Ute,1,3,"b3,b7",258,0,1,3 7,
22,Raga Ongkari,ROng,1,3,"b5,5",48,0,2,6 1,Sharp Eleven Chord
23,Two,2,1,4,"2,3,5",656,0,1,2 2 3,"Eskimo Tetratonic, Add Two, Sus Two Add Three, Add Nine Omit Three"
24,Genus Primum,GP,0,4,"2,4,5",592,0,1,2 3 2,Sus Two Four
25,Raga Bhavani,RBha,0,4,"2,4,6",580,0,1,2 3 4,
26,Seventh Sus Two,7sus2,0,4,"2,5,b7",530,0,1,2 5 3,
27,Minor Two,-2,1,4,"2,b3,5",784,0,2,2 1 4,Minor Add Nine
28,Warao Tetratonic,WTet,1,4,"2,b3,b7",770,0,2,2 1 7,
29,Messiaen Six,M6,0,4,"2,b5,b6",552,2,1,2 4 2,
30,Four,4,1,4,"3,4,5",208,0,2,4 1 2,Add 4
31,Six Chord,6,0,4,"3,5,6",148,0,1,4 3 2,German Six
32,Major Seven,M7,1,4,"3,5,7",145,0,2,4 3 4,
33,Seven,7,1,4,"3,5,b7",146,0,1,4 3 3,"Raga Mahathi, Antara Kaishiaki"
34,Raga Nigamagamini,RNig,1,4,"3,b5,7",161,0,2,4 2 5,Major Seven Flat Five
35,Seven Flat Five,7b5,1,4,"3,b5,b7",162,2,1,4 2 4,Messiaen Truncated Mode 6 Inv.
36,Aug Seven,+7,1,4,"3,b6,b7",138,0,1,4 4 2,Seven Sharp Five Chord
37,Major Seven Sharp Five,M7#5,1,4,"3,b6,7",137,0,2,4 4 3,
39,Seven Sus Four,7sus4,1,4,"4,5,b7",82,0,1,5 2 3,Genus Primum Inverse
40,Messiaen Five Inv.,M5i,0,4,"4,b5,7",97,2,2,5 1 5,
41,Raga Lavangi,RLav,1,4,"b2,5,b7",1042,0,2,1 6 3,
42,Messiaen Five,M5,1,4,"b2,b5,5",1072,2,2,1 5 1,
44,Minor Four Chord,-4,1,4,"b3,4,5",336,0,1,3 2 2,Minor Add Four
45,Minor Six,-6,1,4,"b3,5,6",276,0,1,3 4 2,
46,Minor Major Seventh,-M7,1,4,"b3,5,7",273,0,2,3 4 4,
47,Minor Seven,-7,1,4,"b3,5,b7",274,0,1,3 4 3,Bi Yu
48,Dim Seven,o7,1,4,"b3,b5,6",292,1,1,3 3 3,"Three Semitone, French Six"
49,Half Dim,ob7,0,4,"b3,b5,b7",290,0,1,3 3 4,"Minor Seven Flat Five, Tristan Chord"
50,Major Pentatonic,MPent,1,5,"2,3,5,6",660,0,1,2 2 3 2,"Six Nine Chord, Mongolian, Diatonic,  Chinese 1, Ghana Pentatonic, Ryosen, Yona Nuki Major, Man Jue, Gong, Raga Bhopali, Bhup, Mohanam, Deskar, Bilahari, Kokila, Jait Kalyan, Peruvian Pentatonic One"
51,Major Nine,M9,1,5,"2,3,5,7",657,0,2,2 2 3 4,"Raga Hamsadhvani, Raga Hansadhvani"
52,Nine,9,1,5,"2,3,5,b7",658,0,1,2 2 3 3,Dominant Pentatonic
53,Kung,Kung,0,5,"2,3,b5,6",676,0,1,2 2 2 3,Six Nine Flat Five
54,Raga Kumardaki,RKumarD,1,5,"2,3,b5,7",673,0,2,2 2 2 5,"Major Nine Flat Five, Kumudki"
55,Nine Flat Five,9b5,1,5,"2,3,b5,b7",674,0,1,2 2 2 4,
56,Nine Sharp Five,9#5,0,5,"2,3,b6,b7",650,0,1,2 2 4 2,
57,Ritusen,Ritusen,0,5,"2,4,5,6",596,0,1,2 3 2 2,"Arabhi, Durga, Major Complementary, Ritusen, Ritsu, Zhi, Zheng, Raga Devakriya, Suddha Saveri, Arabhi, Scottish Pentatonic, Ujo, P'yongjo, Major complement"
58,Egyptian,Egypt,0,5,"2,4,5,b7",594,0,1,2 3 2 3,"Elevent Omit Three, Aeolian Pentatonic, Jin Yu, Madhmat Sarang, Yo, Suspended Pentatonic, Raga Madhyamavati, Madhmat Sarang, Egyptian, Shang, Rui Bin, Qing Yu"
59,Chad Gadyo,Chad,0,5,"2,b3,4,5",848,0,2,2 1 2 2,"Raga Purnalalita, Ghana Pentatonic One, Nando-kyemyonjo"
60,Raga Abhogi,RAbh,0,5,"2,b3,4,6",836,0,2,2 1 2 4,
61,Raga Audav Tukhari,RAT,0,5,"2,b3,4,b6",840,0,2,2 1 2 3,
62,Kumoi,Kum,1,5,"2,b3,5,6",788,0,2,2 1 4 2,"Minor Six Nine Chord, Minor Six Add Nine Chord, Akebono One, Raga Sivaranjini, Shivranjani, Dorian Pentatonic \r\n"
63,Minor Major Nine,-M9,1,5,"2,b3,5,7",785,0,2,2 1 4 4,
64,Hira-joshi,Hir,1,5,"2,b3,5,b6",792,0,2,2 1 4 1,"Kata-kumoi, Yona Nuki mineur, Hon-kumoi-joshi, Sakura, Akebono II"
65,Minor Nine Chord,-9,1,5,"2,b3,5,b7",786,0,2,2 1 4 3,
66,Ryukyu,Ryu,1,5,"3,4,5,7",209,0,2,4 1 2 4,"Hirajoshi Two, Major Eleven Omit Nine, Raga Gambhiranata"
67,Seven Eleven,7/11,1,5,"3,4,5,b7",210,0,2,4 1 2 3,"Eleven Omit Nine, Mixolydian Pentatonic, Raga Savethri"
68,Raga Mamata,RMam,0,5,"3,5,6,7",149,0,2,4 3 2 2,Major Thirteen Omit 9 Omit 11
69,Seven Six,7/6,1,5,"3,5,6,b7",150,0,2,4 3 2 1,"Thirteen Omit Nine Omit Eleven, Raga Valaji"
70,Seven Sharp Eleven,7#11,0,5,"3,b5,5,b7",178,0,2,4 2 1 3,
71,Chinese,Chin,0,5,"3,b5,5,7",177,0,2,4 2 1 4,"Major Seven Sharp Eleven Chord, Chinese 2, Raga Amritavarshini, Malashri, Shilangi"
72,Raga Nabhomani,RNab,0,5,"b2,2,b5,5",1584,0,3,1 1 4 1,
73,Mangal-Bairo,MB,1,5,"b2,3,4,7",1217,0,3,1 3 1 6,Raga Megharanji
74,Syrian Pentatonic,SPent,1,5,"b2,3,4,b6",1224,0,2,1 3 1 3,Raga Megharanjani
75,Scriabin,Scri,1,5,"b2,3,5,6",1172,0,2,1 3 3 2,"Raga Rasika Ranjani, Jait, Marva, Vibhas Marva"
76,Raga Reva,RRev,1,5,"b2,3,5,b6",1176,0,2,1 3 3 1,"Bhairava, Revagupti, Ramkali, Vibhas Bhairava"
77,Seven Flat Nine,7b9,1,5,"b2,3,5,b7",1170,0,2,1 3 3 3,Raga Manaranjani I
78,Seven Flat Five Flat Nine,7b5b9,0,5,"b2,3,b5,b7",1186,0,2,1 3 2 4,
79,Raga Kshanika,RKsha,1,5,"b2,3,b6,7",1161,0,3,1 3 4 3,
80,Aug Seven Flat Nine,aug7b9,0,5,"b2,3,b6,b7",1162,0,2,1 3 4 2,Seven Sharp Five Flat Nine
81,Altered Pentatonic,APent,1,5,"b2,4,5,6",1108,0,2,1 4 2 2,Raga Manaranjani Two
82,Raga Gauri,RGaur,1,5,"b2,4,5,7",1105,0,3,1 4 2 4,
83,Saveri,Sav,0,5,"b2,4,5,b6",1112,0,2,1 4 2 1,"Japanese One, Hon-kumoi-joshi, Gunakri, Gunakali, Kumoi One, Raga Salanganata, Latantapriya"
84,Baira,Baira,0,5,"b2,4,5,b7",1106,0,2,1 4 2 3,"Kokin-Joshi, Miyakobushi, Han-Iwato, In Sen: Japan, Raga Vibhavari, Revati, Bairagi, Lasaki"
85,Iwato,Iwa,0,5,"b2,4,b5,b7",1122,0,2,1 4 1 4,
86,Raga Deshgaur,RDeshG,1,5,"b2,5,b6,7",1049,0,3,1 6 1 3,
87,Balinese Pelog,BP,0,5,"b2,b3,5,b6",1304,0,2,1 2 4 1,"Balinese, Bhupal Todi, Bhupala Todi, Bibhas, Raga Bhupalam"
88,Pelog,Pelog,0,5,"b2,b3,5,b7",1298,0,2,1 2 4 3,Raga Rukmangi
89,Raga Chhaya Todi,RCT,0,5,"b2,b3,b5,b6",1320,0,2,1 2 3 2,
90,Yashranjani,Yash,1,5,"b2,b5,5,b6",1080,0,3,1 5 1 1,Raga Saugandhini
91,Seven Sharp Nine,7#9,0,5,"b3,3,5,b7",402,0,2,3 1 3 3,
92,Aug Seven Sharp Nine,aug7#9,0,5,"b3,3,b6,b7",394,0,2,3 1 4 2,Seven Sharp Five Sharp Nine Chord
93,Madhuranjani,MR,1,5,"b3,4,5,7",337,0,2,3 2 2 4,"Minor Major Eleven Omit Nine, Raga Nata, Udayaravicandrika"
94,Minor Pentatonic,-Pent,0,5,"b3,4,5,b7",338,0,1,3 2 2 3,"Minor 7/11, Minor 11 Omit 9, Phrygian Pentatonic, Blues Pentatonic, Abheri, Gu Xian, Jia Zhong, Kyenmyonjo, Raga Dhani, Suddha Dhanyasi, Udhayaravi Chandrika, Qing Shang, Yu, Pyongjo-kyenmyonjo, Minyo"
95,Locrian Pentatonic,LocPent,0,5,"b3,4,b6,b7",330,0,1,3 2 3 2,"Raga Mallkauns, Malakosh, Raga Hindola, Man Gong, Quan Ming, Yi Ze, Jiao"
96,"Minor Major Thirteen Omit 9,11",-M13om911,1,5,"b3,5,6,7",277,0,2,3 4 2 2,
97,"Minor Thirteen Omit 9, 11",-13om911,1,5,"b3,5,6,b7",278,0,2,3 4 2 1,
98,Mixolydian Ionian,MI,0,6,"2,3,4,5,6",724,0,2,2 2 1 2 2,"Arezzo Major Diatonic Hexachord, Devarangini, Raga Kambhoji, Schottish Hexatonic"
99,Kendaram,Kend,1,6,"2,3,4,5,7",721,0,2,2 2 1 2 4,"Major Eleven Chord, Raga Nalinakanti, Vilasini"
100,Raga Siva Kambhoji,RSiv,1,6,"2,3,4,5,b7",722,0,2,2 2 1 2 3,Eleven Chord
101,Raga Hamsa Vinodini,RHV,0,6,"2,3,4,6,7",709,0,2,2 2 1 4 2,
102,Raga Rageshri,RRagShri,0,6,"2,3,4,6,b7",710,0,2,2 2 1 4 1,
103,Raga Dipak,RDip,1,6,"2,3,4,b5,5",752,0,4,2 2 1 1 1,
104,Raga Sarasanana,RSS,1,6,"2,3,4,b6,7",713,0,2,2 2 1 3 3,
105,Raga Kumud,RKumud,1,6,"2,3,5,6,7",661,0,2,2 2 3 2 2,"Ionian Lydian Scale, Major Thirteen Omit Eleven Chord, Lydian Hexatonic, Sankara, Shankara"
106,Thirteen Omit Eleven Chord,13om11,1,6,"2,3,5,6,b7",662,0,2,2 2 3 2 1,
107,Raga Latika,RLat,1,6,"2,3,5,b6,7",665,0,2,2 2 3 1 3,
108,Raga Yamuna Kalyani,RYK,0,6,"2,3,b5,5,6",692,0,2,2 2 2 1 2,"Ancient Chinese, Kalyani Keseri"
109,Ratnakanthi,Ratna,0,6,"2,3,b5,5,7",689,0,2,2 2 2 1 4,Raga Caturangini
110,Raga Mruganandana,RMru,0,6,"2,3,b5,6,7",677,0,2,2 2 2 3 2,
111,Prometheus,Prom,1,6,"2,3,b5,6,b7",678,0,2,2 2 2 3 1,Raga Barbara
112,Point Hope Eskimo Hexatonic,PHEH,0,6,"2,3,b5,b6,7",681,0,2,2 2 2 2 3,
114,Whole Tone,WT,1,6,"2,3,b5,b6,b7",682,1,1,2 2 2 2 2,"Auxiliary Augmented, Anhemitonic Hexatonic, Messiaen One, Raga Gopriya"
115,Raga Nagandhari,RNag,0,6,"2,4,5,6,7",597,0,2,2 3 2 2 2,
116,Pyongjo,Pyon,0,6,"2,4,5,6,b7",598,0,2,2 3 2 2 1,"Dominant Seventh, Yosen, Raga Darbar, Narayani, Suposhini, Andolika, Gorakh Kalyan, Mixolydian Hexatonic"
117,Raga Bhinna Pancama,RBhi,1,6,"2,4,5,b6,7",601,0,2,2 3 2 1 3,
118,Raga Navamanohari,RNav,0,6,"2,4,5,b6,b7",602,0,2,2 3 2 1 2,
119,Megh,Megh,0,6,"2,4,5,b7,7",595,0,3,2 3 2 3 1,Raga Sarang
120,Raga Suddha Bangala,RSuddhaB,0,6,"2,b3,4,5,6",852,0,2,2 1 2 2 2,Gauri Velavali
121,Minor Major Eleven,-M11,1,6,"2,b3,4,5,7",849,0,2,2 1 2 2 4,
122,Minor Hexatonic,-Hex,0,6,"2,b3,4,5,b7",850,0,2,2 1 2 2 3,"Aeolian Dorian, Minor Eleven Chord, Manirangu, Raga Palasi, Manirangu, Nayaki, Pushpalithika, Yo, King Island Eskimo Hexatonic"
123,Kapijingla,Kap,0,6,"2,b3,4,6,b7",838,0,2,2 1 2 4 1,"Raga Bagesri, Sriranjani"
124,Pyramid Hexatonic,PH,0,6,"2,b3,4,b5,6",868,0,2,2 1 2 1 3,
125,Blues Scale,Blues,0,6,"2,b3,4,b5,b7",866,0,2,2 1 2 1 4,
126,Raga Ghantana,RGhant,0,6,"2,b3,4,b6,7",841,0,2,2 1 2 3 3,"Kaushiranjani, Kaishikiranjani"
127,Hawaiian Hexatonic,HH,1,6,"2,b3,5,6,7",789,0,2,2 1 4 2 2,Minor Major Thirteen Omit Eleven Chord
128,Raga Manavi,RMana,1,6,"2,b3,5,6,b7",790,0,2,2 1 4 2 1,Minor Thirteen Omit Eleven Chord
129,Raga Trimurti,RTri,0,6,"2,b3,5,b6,b7",794,0,2,2 1 4 1 2,
130,Raga Vijayanagari,RVij,0,6,"2,b3,b5,5,6",820,0,2,2 1 3 1 2,
131,Raga Kai Kavasi,RKK,0,6,"2,b3,b5,5,7",817,0,2,2 1 3 1 4,Raga Amarasenapriya
132,Raga Syamalam,RSya,0,6,"2,b3,b5,5,b6",824,0,3,2 1 3 1 1,
133,Raga Simharava,RSim,0,6,"2,b3,b5,5,b7",818,0,2,2 1 3 1 3,Raga Sinharavam
134,Raga Ranjani,RRanj,0,6,"2,b3,b5,6,7",805,0,2,2 1 3 3 2,
135,Raga Sarasvati,RSar,0,6,"2,b5,5,6,b7",566,0,2,2 4 1 2 1,
136,Raga Jaganmohanam,RJag,1,6,"2,b5,5,b6,b7",570,0,3,2 4 1 1 2,
137,Raga Malarani,RMR,1,6,"2,b5,5,b7,7",563,0,3,2 4 1 3 1,
138,Raga Hari Nata,RHN,1,6,"3,4,5,6,7",213,0,2,4 1 2 2 2,"Major Thirteen Omit Nine Chord, Genus Secundum"
139,Raga Khamas,RKham,0,6,"3,4,5,6,b7",214,0,2,4 1 2 2 1,"Thirteen Omit Nine Chord, Baduhari"
140,Raga Saravati,RSV,1,6,"3,4,5,b6,6",220,0,3,4 1 2 1 1,Raga Sharavati
141,Raga Paraju,RPar,1,6,"3,4,5,b6,7",217,0,2,4 1 2 1 3,"Ramamanohari, Simhavahini, Sindhu Ramakriya, Kamalamanohari"
142,Raga Kamalamanohari,RKam,0,6,"3,4,5,b6,b7",218,0,2,4 1 2 1 2,
143,Raga Tilang,RTil,1,6,"3,4,5,b7,7",211,0,3,4 1 2 3 1,Brindavani-Tilang
144,Messiaen Mode Five Inverse,MM5i,0,6,"3,4,b5,b7,7",227,3,3,4 1 1 4 1,
145,Raga Vutari,RVut,1,6,"3,b5,5,6,b7",182,0,2,4 2 1 2 1,
146,Raga Jyoti,RJyo,1,6,"3,b5,5,b6,b7",186,0,3,4 2 1 1 2,
147,Raga Vijayavasanta,RVV,1,6,"3,b5,5,b7,7",179,0,3,4 2 1 3 1,
148,Raga Suddha Mukhari,RSM,0,6,"b2,2,4,b6,6",1612,0,3,1 1 3 3 1,
149,Raga Chandrajyoti,RCha,0,6,"b2,2,b5,5,6",1588,0,3,1 1 4 1 2,
150,Messiaen Mode Five,MM5,1,6,"b2,2,b5,5,b6",1592,3,3,1 1 4 1 1,
151,Raga Kalavati,RKalaV,0,6,"b2,3,4,5,6",1236,0,2,1 3 1 2 2,Ragamalini
152,Raga Gaula,RGaul,1,6,"b2,3,4,5,7",1233,0,3,1 3 1 2 4,
153,Malahari,Mal,1,6,"b2,3,4,5,b6",1240,0,2,1 3 1 2 1,"Geyahejjajji, Raga Purna Pancama"
154,Raga Vasanta,RVas,0,6,"b2,3,4,6,7",1221,0,3,1 3 1 4 2,
155,Raga Rudra Pancama,RRP,0,6,"b2,3,4,6,b7",1222,0,2,1 3 1 4 1,
156,Persian Hexatonic,P6,1,6,"b2,3,4,b5,7",1249,0,3,1 3 1 1 5,
157,Six Tone Symmetrical,STS,0,6,"b2,3,4,b6,6",1228,2,2,1 3 1 3 1,Messiaen Truncated Mode Three
158,Sohini,Soh,0,6,"b2,3,4,b6,7",1225,0,3,1 3 1 3 3,"Raga Lalita Hexatonic, Lalit Bhairav, Hamsanandi"
159,Raga Vasantabhairavi,RVasB,0,6,"b2,3,4,b6,b7",1226,0,2,1 3 1 3 2,
160,Raga Malayamarutam,RMY,1,6,"b2,3,5,6,b7",1174,0,2,1 3 3 2 1,
161,Raga Kalagada,RKalaG,1,6,"b2,3,5,b6,6",1180,0,3,1 3 3 1 1,
162,Raga Bauli,RBaul,1,6,"b2,3,5,b6,7",1177,0,3,1 3 3 1 3,
163,Gamakakriya,Gam,1,6,"b2,3,b5,5,7",1201,0,3,1 3 2 1 4,"Raga Mandari, Hamsanarayani"
164,Raga Dhavalangam,RDha,1,6,"b2,3,b5,5,b6",1208,0,3,1 3 2 1 1,
165,Puriya,Puri,1,6,"b2,3,b5,6,7",1189,0,3,1 3 2 3 2,"Marva, Pancama, Raga Hamsanandi"
166,Prometheus Neapolitani,PN,1,6,"b2,3,b5,6,b7",1190,0,2,1 3 2 3 1,Prometheus Neapolitan
167,Raga Hejjajji,RHejj,0,6,"b2,3,b5,b6,6",1196,0,2,1 3 2 2 1,
168,Raga Jivantika,RJiv,1,6,"b2,4,5,6,7",1109,0,3,1 4 2 2 2,
169,Raga Rasavali,RRasav,0,6,"b2,4,5,6,b7",1110,0,2,1 4 2 2 1,
170,Raga Padi,RPad,0,6,"b2,4,5,b6,7",1113,0,3,1 4 2 1 3,Mela Ganamurti
171,Insen,Ins,0,6,"b2,4,5,b6,b7",1114,0,2,1 4 2 1 2,Raga Phenadyuti
172,Raga Suddha Simantini,RSuddhaS,0,6,"b2,b3,4,5,b6",1368,0,2,1 2 2 2 1,
173,Raga Gandharavam,RGandh,0,6,"b2,b3,4,5,b7",1362,0,2,1 2 2 2 3,
174,Double Phrygian Hexatonic,DPH,0,6,"b2,b3,4,b5,6",1380,0,2,1 2 2 1 3,
175,Ritsu,Ritsu,0,6,"b2,b3,4,b6,b7",1354,0,2,1 2 2 3 2,"Honchoshi Plagal Form, Raga Suddha Todi"
176,Raga Salagavarali,RSal,0,6,"b2,b3,5,6,b7",1302,0,2,1 2 4 2 1,
177,Messiaen Truncated Mode Two,MT2,1,6,"b2,b3,b5,5,6",1332,3,2,1 2 3 1 2,
178,Raga Vijayasri,RVS,1,6,"b2,b3,b5,5,7",1329,0,3,1 2 3 1 4,
179,Raga Gurjari Todi,RGT,0,6,"b2,b3,b5,b6,7",1321,0,3,1 2 3 2 3,
180,Raga Bhavani Hexatonic,RBH,0,6,"b2,b3,b5,b6,b7",1322,0,2,1 2 3 2 2,
181,Jog,Jog,1,6,"b3,3,4,5,b7",466,0,3,3 1 1 2 3,Raga Bhanumanjari
182,Augmented,Aug,1,6,"b3,3,5,b6,7",409,2,2,3 1 3 1 3,"Messiaen Truncated Mode Three Inv., Genus Tertium"
183,Raga Rasamanjari,RRasam,0,6,"b3,3,b5,5,7",433,0,2,3 1 2 1 4,
184,Minor Major 13 Omit 9,-M13om9,1,6,"b3,4,5,6,7",341,0,2,3 2 2 2 2,
185,Raga Manohari,RMano,0,6,"b3,4,5,6,b7",342,0,2,3 2 2 2 1,"Minor Thirteen Omit Nine Chord, Raga Bhimpalasi Desc"
186,Raga Takka,RTak,1,6,"b3,4,5,b6,7",345,0,2,3 2 2 1 3,
187,Raga Gopikavasantam,RGop,0,6,"b3,4,5,b6,b7",346,0,2,3 2 2 1 2,"Desya Todi, Phrygian Hexatonic"
188,Blues One,B1,1,6,"b3,4,b5,5,b7",370,0,3,3 2 1 1 3,Raga Nileshwari
189,Raga Madhukauns Hexatonic,RMH,1,6,"b3,b5,5,6,b7",310,0,2,3 3 1 2 1,
190,Gaurikriya,Gaur,0,6,"b3,b5,5,b7,7",307,0,3,3 3 1 3 1,Raga Jivantini
191,Major,Maj,1,7,"2,3,4,5,6,7",725,0,2,2 2 1 2 2 2,"Ionian, A Raray, Bilaval Theta, Mela Dhirasankarabharana, 4th Plagal Byzantine, Ghana Heptatonic, Greek Lydian, Medieval Hypolydian"
192,Mixolydian,ML,0,7,"2,3,4,5,6,b7",726,0,2,2 2 1 2 2 1,"Mela Harikambhoji, Khamaj Theta, Ching, Greek Hypophrygian, Iastian, Khamaj Theta. Medieval Hypoionian"
193,Mela Mararanjani,MMar,0,7,"2,3,4,5,b6,6",732,0,3,2 2 1 2 1 1,
194,Harmonic Major,MHarm,1,7,"2,3,4,5,b6,7",729,0,2,2 2 1 2 1 3,Mela Sarasangi
195,Aeolian Major,MAeo,1,7,"2,3,4,5,b6,b7",730,0,2,2 2 1 2 1 2,"Hindu, Hindustan, Mela Charukesi, Mela Carukesi"
196,Mela Naganandini,MNag,0,7,"2,3,4,5,b7,7",723,0,3,2 2 1 2 3 1,
197,Raga Ragesri,RRagSri,1,7,"2,3,4,6,b7,7",711,0,4,2 2 1 4 1 1,
198,Locrian Major,MLoc,0,7,"2,3,4,b5,b6,b7",746,0,3,2 2 1 1 2 2,Arabian Septatonic
199,Mixolydian Augmented,MLA,0,7,"2,3,4,b6,6,b7",718,0,3,2 2 1 3 1 1,
200,Lydian,Lyd,0,7,"2,3,b5,5,6,7",693,0,2,2 2 2 1 2 2,"Kalyan Theta, Mela Mechakalyani, Fourth Plagal Byzantine, Greek Hypolydian, Kalyan Theta, Yaman"
201,Overtone,OT,0,7,"2,3,b5,5,6,b7",694,0,2,2 2 2 1 2 1,"Lydian Dominant, Overtone Dominant, Mela Vaschaspati, Lydian Diminished"
202,Mela Kantamani,MKant,1,7,"2,3,b5,5,b6,6",700,0,4,2 2 2 1 1 1,
203,Mela Latangi,MLat,0,7,"2,3,b5,5,b6,7",697,0,3,2 2 2 1 1 3,
204,Lydian Minor,-Lyd,0,7,"2,3,b5,5,b6,b7",698,0,3,2 2 2 1 1 2,Mela Risabhapriya
205,Neapolitan Minor,-Nea,0,7,"2,3,b5,5,b7,7",691,0,3,2 2 2 1 3 1,"Mela Chitrambari, Mela Citrambari"
206,Lydian Augmented,LydAug,0,7,"2,3,b5,b6,6,7",685,0,2,2 2 2 2 1 2,Lydian Sharp Five
207,Leading Whole Tone,LWT,0,7,"2,3,b5,b6,b7,7",683,0,3,2 2 2 2 2 1,
208,Raga Sorati,RSor,1,7,"2,4,5,6,b7,7",599,0,4,2 3 2 2 1 1,
209,Chromatic Mixolydian Inv.,CMi,0,7,"2,4,b5,5,b7,7",627,0,3,2 3 1 1 3 1,
210,Ethiopian,Ethi,0,7,"2,3,4,b6,6,7",717,0,2,2 2 1 3 1 2,"Ionian Augmented, Ionian Sharp Five"
211,Chromatic Hypodorian,CHD,0,7,"2,b3,3,5,b6,6",924,0,3,2 1 1 3 1 1,Double Harmonic Two
212,Hawaiian,Haw,0,7,"2,b3,4,5,6,7",853,0,2,2 1 2 2 2 2,"Melodic Minor Asc, Mela Gaurimanohari, Jazz Minor"
213,Dorian,Dor,0,7,"2,b3,4,5,6,b7",854,0,2,2 1 2 2 2 1,"Kafi Theta, Mela Kharaharapriya, Eskimo Heptatonic, Greek Phrygian, Kafi Theta, Medieval Hypomixolydian"
214,Mela Jhankaradhvani,MJha,1,7,"2,b3,4,5,b6,6",860,0,3,2 1 2 2 1 1,
215,Harmonic,Har,0,7,"2,b3,4,5,b6,7",857,0,2,2 1 2 2 1 3,"Harmonic Minor, Mohammedan, Mela Kiravani, Maqam Bayat-e-Esfahan"
216,Aeolian,Aeo,0,7,"2,b3,4,5,b6,b7",858,0,2,2 1 2 2 1 2,"Pure Minor, Geez & Ezel, Asavari Theta, Mela Natabhairavi, Greek Hyperphrygian, Medieval Hypodorian"
217,Mela Varunapriya,MVar,0,7,"2,b3,4,5,b7,7",851,0,3,2 1 2 2 3 1,
218,Modified Blues,BM,1,7,"2,b3,4,b5,5,b7",882,0,3,2 1 2 1 1 3,
219,Maqam Karcigar,MqKar,0,7,"2,b3,4,b5,6,b7",870,0,2,2 1 2 1 3 1,"Dorian Flat Five, Locrian Natural Two Natural Six"
220,Locrian Natural Two,Locn2,0,7,"2,b3,4,b5,b6,7",873,0,2,2 1 2 1 2 3,Aeolian b5
221,Minor Locrian,-Loc,0,7,"2,b3,4,b5,b6,b7",874,0,2,2 1 2 1 2 2,"Locrian Sharp Two, Half Diminished Sharp Two, Locrian Natural Two"
222,Ambika,Amb,0,7,"2,b3,b5,5,6,7",821,0,2,2 1 3 1 2 2,"Mela Dharmavati, Dumyaraga, Lydian Diminished, Madhuvanti"
223,Roumanian Minor,-Roum,0,7,"2,b3,b5,5,6,b7",822,0,2,2 1 3 1 2 1,"Mela Hemavati, Dorian Sharp Four, Hedjaz, Maqam Nakriz"
224,Mela Syamalangi,MSya,0,7,"2,b3,b5,5,b6,6",828,0,4,2 1 3 1 1 1,
225,Algerian,Alg,0,7,"2,b3,b5,5,b6,7",825,0,3,2 1 3 1 1 3,"Hungarian Minor, Hungarian Gypsy, Minor Gypsy, Mela Simhendramadhyama, Double Harmonic Minor, Maqam Suzdil"
226,Mela Sanmukhapriya,MSan,0,7,"2,b3,b5,5,b6,b7",826,0,3,2 1 3 1 1 2,Hungarian Gypsy Two
227,Mela Nitimati,MNit,0,7,"2,b3,b5,5,b7,7",819,0,3,2 1 3 1 3 1,
228,Raga Madhuri,RMadh,1,7,"3,4,5,6,b7,7",215,0,4,4 1 2 2 1 1,
229,Chromatic Phrygian,CP,0,7,"b2,2,3,5,b6,6",1692,0,3,1 1 2 3 1 1,
230,Mela Manavati,MMan,0,7,"b2,2,4,5,6,7",1621,0,4,1 1 3 2 2 2,
231,Mela Vanaspati,MVan,0,7,"b2,2,4,5,6,b7",1622,0,3,1 1 3 2 2 1,
232,Kalamurti,Kal,0,7,"b2,2,4,5,b6,6",1628,0,3,1 1 3 2 1 1,"Mela Kanakangi, Chromatic Dorian, Mela Bhavapriya"
233,Mela Ganamurti,MGana,0,7,"b2,2,4,5,b6,7",1625,0,4,1 1 3 2 1 3,
234,Mela Ratnangi,MRat,0,7,"b2,2,4,5,b6,b7",1626,0,3,1 1 3 2 1 2,
235,Mela Tanarupi,MTan,1,7,"b2,2,4,5,b7,7",1619,0,5,1 1 3 2 3 1,
236,Chromatic Hypophrygian Inv,CHPi,0,7,"b2,2,4,b5,5,6",1652,0,3,1 1 3 1 1 2,
237,Chromatic Mixolydian,CM,0,7,"b2,2,4,b5,5,b7",1650,0,3,1 1 3 1 1 3,
238,Mela Pavani,MPav,0,7,"b2,2,b5,5,6,7",1589,0,4,1 1 4 1 2 2,Raga Kumbhini
239,Mela Navanitam,MNav,1,7,"b2,2,b5,5,6,b7",1590,0,3,1 1 4 1 2 1,
240,Mela Salaga,MSal,1,7,"b2,2,b5,5,b6,6",1596,0,4,1 1 4 1 1 1,Mela Salagam
241,Mela Jhalavarali,MJR,1,7,"b2,2,b5,5,b6,7",1593,0,4,1 1 4 1 1 3,
242,Mela Jalarnava,MJ,1,7,"b2,2,b5,5,b6,b7",1594,0,3,1 1 4 1 1 2,
243,Mela Raghupriya,MRagh,1,7,"b2,2,b5,5,b7,7",1587,0,5,1 1 4 1 3 1,Ghandarva
244,Mela Suryakantam,MSur,1,7,"b2,3,4,5,6,7",1237,0,3,1 3 1 2 2 2,"Mela Suryakanta, Bhairubahar That"
245,Mela Chakravakam,MChakrava,0,7,"b2,3,4,5,6,b7",1238,0,2,1 3 1 2 2 1,"Dorian Flat Two, Bindumalini, Harmonic Minor Inv., Maqam Hicaz"
246,Mela Gayakapriya,MGaya,1,7,"b2,3,4,5,b6,6",1244,0,3,1 3 1 2 1 1,"Mela Mayamalavagaula, Gypsy Heptatonic"
247,Double Harmonic,DH,1,7,"b2,3,4,5,b6,7",1241,0,3,1 3 1 2 1 3,"Major Gypsy, Byzantine, Bhairav Theta, Charhargah, Gypsy, Hijaz Kar, Maqam Zengule"
248,Spanish Gypsy,SG,1,7,"b2,3,4,5,b6,b7",1242,0,2,1 3 1 2 1 2,"Phygian Dominant, Ahaba Rabba, Mela Vakulabharanam, Flamenco Two, Ahaba Rabba, Major Phrygian"
249,Mela Hatakambari,MHat,1,7,"b2,3,4,5,b7,7",1235,0,4,1 3 1 2 3 1,
250,Chromatic Lydian,ChromL,0,7,"b2,3,4,b5,6,7",1253,0,3,1 3 1 1 3 2,Oriental Three
252,Persian,Per,0,7,"b2,3,4,b5,b6,7",1257,0,3,1 3 1 1 2 3,Raga Lalita
253,Oriental,Ori,0,7,"b2,3,4,b5,b6,b7",1258,0,3,1 3 1 1 2 2,
254,Verdi Enigmatic Descending,VED,0,7,"b2,3,4,b6,b7,7",1227,0,4,1 3 1 3 2 1,
255,Marva Theta,MT,0,7,"b2,3,b5,5,6,7",1205,0,3,1 3 2 1 2 2,"Marva That, Mela Gamanasrama"
256,Mela Ramapriya,MRama,1,7,"b2,3,b5,5,6,b7",1206,0,2,1 3 2 1 2 1,Oriental2
257,Mela Dhavalambari,MDha,1,7,"b2,3,b5,5,b6,6",1212,0,4,1 3 2 1 1 1,
258,Basant,Bas,1,7,"b2,3,b5,5,b6,7",1209,0,3,1 3 2 1 1 3,"Double Harmonic Three, Mela Kamavarardhani, Purvi Theta, Chromatic Hypolydian, Kasiramakriya"
259,Mela Namanarayani,MNam,1,7,"b2,3,b5,5,b6,b7",1210,0,3,1 3 2 1 1 2,
260,Mela Visvambari,MVis,1,7,"b2,3,b5,5,b7,7",1203,0,4,1 3 2 1 3 1,
261,Verdi Enigmatic Ascending,VEA,0,7,"b2,3,b5,b6,b7,7",1195,0,4,1 3 2 2 2 1,Enigmatic
342,Norwegian,Norw,0,6,"2,3,4,5,b6",728,0,2,2 2 1 2 1,
263,Jazz Altered,JA,0,7,"b2,b3,3,b5,b6,b7",1450,0,2,1 2 1 2 2 2,"Altered Dominant Scale, ADS, Diminished Whole Tone, Super Locrian, Altered, Locrian Flat Four"
264,Neapolitan Major,MNea,1,7,"b2,b3,4,5,6,7",1365,0,3,1 2 2 2 2 2,Mela Kokilapriya
265,Javanese,Jav,0,7,"b2,b3,4,5,6,b7",1366,0,2,1 2 2 2 2 1,"Adonai Malakh, Mela Natakapriya, Jazz Minor Inv."
266,Malini,MSen,0,7,"b2,b3,4,5,b6,6",1372,0,3,1 2 2 2 1 1,Mela Senavati
267,Neapolitan,Nea,0,7,"b2,b3,4,5,b6,7",1369,0,3,1 2 2 2 1 3,Mela Dhenuka
268,Phrygian,Phr,0,7,"b2,b3,4,5,b6,b7",1370,0,2,1 2 2 2 1 2,"Neapolitan Minor Two, Bhairav Theta, Bhairavi Theta, Mela Hanumattodi, Greek Dorian, In, Major Inv., Maqam Kurd, Maqam Shahnaz Kurdi, Mechung, Medieval Hypoaeolian"
269,Mela Rupavati,MRup,1,7,"b2,b3,4,5,b7,7",1363,0,4,1 2 2 2 3 1,
270,Locrian Natural Six,Locn6,0,7,"b2,b3,4,b5,6,b7",1382,0,2,1 2 2 1 3 1,
271,Locrian,Loc,0,7,"b2,b3,4,b5,b6,b7",1386,0,2,1 2 2 1 2 2,"Half Diminished, Greek Hyperdorian, Greek Mixolydian, Half Diminished, Locrian Minor, Medieval Hypophrygian"
272,Mela Suvarnangi,MSuv,1,7,"b2,b3,b5,5,6,7",1333,0,3,1 2 3 1 2 2,Raga Sauviram
273,Mela Sadvidhamargini,MSad,0,7,"b2,b3,b5,5,6,b7",1334,0,2,1 2 3 1 2 1,
274,Mela Gavambodhi,MGav,0,7,"b2,b3,b5,5,b6,6",1340,0,4,1 2 3 1 1 1,
275,Todi Theta,TodiT,0,7,"b2,b3,b5,5,b6,7",1337,0,3,1 2 3 1 1 3,"Todi That, Mela Subhapantuvarali"
276,Mela Bhavapriya,MBha,0,7,"b2,b3,b5,5,b6,b7",1338,0,3,1 2 3 1 1 2,
277,Mela Divyamani,MDiv,1,7,"b2,b3,b5,5,b7,7",1331,0,4,1 2 3 1 3 1,
278,Mela Sulini,MSul,1,7,"b3,3,4,5,6,7",469,0,3,3 1 1 2 2 2,
279,Mela Vagadhisvari,MVag,1,7,"b3,3,4,5,6,b7",470,0,3,3 1 1 2 2 1,Bluesy R&R
280,Mela Yagapriya,MYag,1,7,"b3,3,4,5,b6,6",476,0,3,3 1 1 2 1 1,
281,Mela Gangeyabhusani,MGang,1,7,"b3,3,4,5,b6,7",473,0,3,3 1 1 2 1 3,
282,Mela Ragavardhani,MRaga,1,7,"b3,3,4,5,b6,b7",474,0,3,3 1 1 2 1 2,"Ahavoh Rabboh, Alhijaz, Harmonic Major Inv., Maqam Humaayun"
283,Mela Chalanata,MCha,1,7,"b3,3,4,5,b7,7",467,0,3,3 1 1 2 3 1,
284,Chromatic Hypodorian Inv.,CHDi,0,7,"b3,3,4,b6,6,b7",462,0,3,3 1 1 3 1 1,
285,Chromatic Phrygian Inv,CPi,0,7,"b3,3,4,b6,b7,7",459,0,3,3 1 1 3 2 1,
286,Mela Kosalam,MKos,0,7,"b3,3,b5,5,6,7",437,0,2,3 1 2 1 2 2,Lydian Sharp Two
287,Major Hungarian,MHung,1,7,"b3,3,b5,5,6,b7",438,0,2,3 1 2 1 2 1,"Mela Nasikabhusani, Lydian Sharp Two"
288,Mela Sucharitra,MSuch,1,7,"b3,3,b5,5,b6,6",444,0,4,3 1 2 1 1 1,
289,Devarashtra,Dev,0,7,"b3,3,b5,5,b6,7",441,0,3,3 1 2 1 1 3,Mela Dhatuvardhani
290,Mela Jyotisvarupini,MJyo,1,7,"b3,3,b5,5,b6,b7",442,0,3,3 1 2 1 1 2,
291,Mela Rasikapriya,MRas,0,7,"b3,3,b5,5,b7,7",435,0,3,3 1 2 1 3 1,
292,Enigmatic,Enigma,0,7,"b3,3,b5,b6,b7,7",427,0,3,3 1 2 2 2 1,
293,Chromatic Hypophrgian,CHP,0,7,"b3,4,b5,5,b7,7",371,0,3,3 2 1 1 3 1,
294,Genus Diatonicum,GenD,0,8,"2,3,4,5,6,b7,7",727,0,4,2 2 1 2 2 1 1,"Bebop Dominant, Chinese Eight Tone"
295,Major Bebop,MBebop,0,8,"2,3,4,5,b6,6,7",733,0,3,2 2 1 2 1 1 2,
296,Ichikotsucho,Ich,0,8,"2,3,4,b5,5,6,7",757,0,4,2 2 1 1 1 2 2,Genus Diatonicum Veterum Correctum
297,Messiaen Mode Six Inv.,MM6i,1,8,"2,3,4,b5,b6,b7,7",747,4,3,2 2 1 1 2 2 1,
298,Minor Bebop,-Bebop,1,8,"2,b3,3,4,5,6,b7",982,0,4,2 1 1 1 2 2 1,
299,Raga Mian Ki Malhar,RMKM,1,8,"2,b3,4,5,6,b7,7",855,0,4,2 1 2 2 2 1 1,
300,Zirafkend,Ziraf,1,8,"2,b3,4,5,b6,6,7",861,0,3,2 1 2 2 1 1 2,
301,Raga Mukhari,RMuk,0,8,"2,b3,4,5,b6,6,b7",862,0,4,2 1 2 2 1 1 1,
302,Maqam Nahawand,MqNah,0,8,"2,b3,4,5,b6,b7,7",859,0,3,2 1 2 2 1 2 1,Major Minor Mixed
303,Blues Scale Four,B4,0,8,"2,b3,4,b5,5,6,b7",886,0,3,2 1 2 1 1 2 1,
304,Algerian Octatonic,AO,0,8,"2,b3,4,b5,5,b6,7",889,0,4,2 1 2 1 1 1 3,
305,Diminished,Dim,0,8,"2,b3,4,b5,b6,6,7",877,2,2,2 1 2 1 2 1 2,"Auxiliary Diminished, Arabian Octatonic, Diminished Minor"
306,Raga Cintamani,RCint,1,8,"2,b3,b5,5,b6,6,b7",830,0,5,2 1 3 1 1 1 1,
307,Messiaen Mode Six,MM6,1,8,"b2,2,3,b5,5,b6,7",1721,0,4,1 1 2 2 1 1 3,
308,Adonai Malakh,AM,1,8,"b2,2,b3,4,5,6,b7",1878,0,4,1 1 1 2 2 2 1,
309,Messiaen Mode Four,M4,1,8,"b2,2,b3,b5,5,b6,6",1852,4,4,1 1 1 3 1 1 1,
310,Raga Saurastra,RSaur,1,8,"b2,3,4,5,b6,6,7",1245,0,3,1 3 1 2 1 1 2,
311,Maqam Hijaz,MqHij,1,8,"b2,3,4,5,b6,b7,7",1243,0,4,1 3 1 2 1 2 1,
312,Raga Bhatiyar,RBhat,1,8,"b2,3,4,b5,5,6,7",1269,0,4,1 3 1 1 1 2 2,
313,Raga Ramkali,RRam,0,8,"b2,3,4,b5,5,b6,7",1273,0,5,1 3 1 1 1 1 3,
314,Maqam Shaddaraban,MqSha,0,7,"b2,3,4,b5,6,b7",1254,0,3,1 3 1 1 3 1,
315,Verdi Enigmatica,VE,1,8,"b2,3,4,b5,b6,b7,7",1259,0,4,1 3 1 1 2 2 1,
316,Flamenco,Flam,1,8,"b2,b3,3,4,5,b6,b7",1498,0,3,1 2 1 1 2 1 2,Spanish Phrygian
317,Espla,Espla,0,8,"b2,b3,3,4,b5,b6,7",1513,0,4,1 2 1 1 1 2 3,
318,Eight Tone Spanish,ETS,0,8,"b2,b3,3,4,b5,b6,b7",1514,0,4,1 2 1 1 1 2 2,
319,Octatonic,Oct,1,8,"b2,b3,3,b5,5,6,b7",1462,2,2,1 2 1 2 1 2 1,"Auxiliary Diminished Blues, Composite, Diminished Inv., Diminished Dominant, Half-Whole Step"
320,Magen Abot,MA,0,8,"b2,b3,3,b5,b6,6,7",1453,0,3,1 2 1 2 2 1 2,
321,Bebop Half-diminished Oct,BHDO,0,8,"b2,b3,4,b5,6,b7,7",1383,0,5,1 2 2 1 3 1 1,
322,Blues v.5,B5,1,8,"b3,3,4,b5,5,b7,7",499,0,5,3 1 1 1 1 3 1,
323,Messiaen Mode Four Inv.,M4i,0,8,"b3,3,4,b5,6,b7,7",487,4,4,3 1 1 1 3 1 1,
324,Taishikicho,Taish,1,9,"2,3,4,b5,5,6,b7,7",759,0,4,2 2 1 1 1 2 1 1,
325,Blues Nonatonic,B9,1,9,"2,b3,3,4,b5,5,6,b7",1014,0,6,2 1 1 1 1 1 2 1,
326,Nine Tone,9T,1,9,"2,b3,3,4,b5,b6,6,7",1005,0,5,2 1 1 1 1 2 1 2,
327,Messiaen Mode Three Inv,Mess3i,0,8,"2,b3,3,b5,5,b6,7",953,0,3,2 1 1 2 1 1 3,
328,Raga Ramdasi Malhar,RRM,1,9,"2,b3,3,b5,b6,6,b7,7",943,0,5,2 1 1 2 2 1 1 1,
329,Raga Pilu,RPil,1,9,"2,b3,4,5,b6,6,b7,7",863,0,6,2 1 2 2 1 1 1 1,
330,Messiaen Mode Three,Mess3,0,9,"b2,2,3,4,5,b6,6,b7",1758,0,4,1 1 2 1 2 1 1 1,
331,Youlan,Youl,1,9,"b2,2,3,4,b5,5,6,b7",1782,0,4,1 1 2 1 1 1 2 1,
332,Genus Chromaticum,GenC,1,9,"b2,b3,3,4,5,b6,6,7",1501,3,3,1 2 1 1 2 1 1 2,
333,Moorish Phrygian,Moor,1,9,"b2,b3,3,4,5,b6,b7,7",1499,0,4,1 2 1 1 2 1 2 1,
334,Blues v6,B6,1,9,"b3,3,4,b5,5,6,b7,7",503,0,5,3 1 1 1 1 2 1 1,
335,Minor Major Mixed,-MMix,1,10,"2,b3,3,4,5,b6,6,b7,7",991,0,6,2 1 1 1 2 1 1 1 1,
336,Minor Pentatonic with Leading,-PentL,0,10,"2,b3,3,4,b5,5,6,b7,7",1015,0,6,2 1 1 1 1 1 2 1 1,
337,Messiaen Mode Seven Inv,MM7i,0,10,"2,b3,3,4,b5,b6,6,b7,7",1007,5,5,2 1 1 1 1 2 1 1 1,
338,Symmetrical Diatonic,SD,1,10,"b2,2,3,4,b5,5,b6,b7,7",1787,5,5,1 1 2 1 1 1 1 2 1,
339,Raga Sindhi Bhairavi,RSB,1,10,"b2,2,b3,3,4,5,b6,6,7",2013,0,7,1 1 1 1 1 2 1 1 2,
340,Messiaen Mode Seven,MM7,0,10,"b2,2,b3,3,b5,5,b6,6,b7",1982,5,5,1 1 1 1 2 1 1 1 1,
341,Chromatic,Chrom,1,12,"b2,2,b3,3,4,b5,5,b6,6,b7,7",2047,1,12,1 1 1 1 1 1 1 1 1 1 1,
343,Gypsy Tetrachord,GT,1,4,"b2,3,4",1216,0,2,1 3 1,"Ahava Raba, Odessa Bulgar, Hijaz, Suzidil, Shahnaz, Shadd Araban, Chromatic Mezotetrachord, Arabian Tetramirror"
344,Minor Tetrachord,-Tet,1,4,"2,b3,4",832,0,2,2 1 2,"Busalik, Nahawand, Phrygian Tetrachord, MInor Tetramirror"
345,Ajam,Ajam,0,4,"2,3,4",704,0,2,2 2 1,"Jahar Kah, Major Tetrachord, Lydian Tetrachord"
346,Hisar,His,1,4,"2,b3,b5",800,0,2,2 1 3,Dim Add Two
347,Kurdi,Kurd,1,4,"b2,b3,4",1344,0,2,1 2 2,Dorian Tetrachord
348,Italian Six,I6,0,3,"3,6",132,0,1,4 5,Raga Bilwadala
349,Gowleeswari,Gow,0,4,"b2,4,b6",1096,0,2,1 4 3,Raga Lavangi
350,Raga Haripriya,RHari,0,4,"2,4,b6",584,0,1,2 3 3,
351,Raga Sumukam,RSum,1,4,"2,b5,7",545,0,2,2 4 5,
353,Bebob Half-diminished,BH,0,7,"b2,b3,4,b5,b6,7",1385,0,3,1 2 2 1 2 3,
354,Bibhas,Bib,0,5,"b2,3,b5,6",1188,0,2,1 3 2 3,
355,Bach Trimirror,BTriM,1,3,"b2,2",1536,0,3,1 1,Chromatic Trimirror
356,Phrygian Trichord,PTC,1,3,"b2,b3",1280,0,2,1 2,
357,Minor Trichord,-TC,1,3,"2,b3",768,0,2,2 1,
358,Bach Tetramirror,BTetM,1,4,"b2,2,b3",1792,0,4,1 1 1,Chromatic Tetramirror
359,Major-Minor Trichord,-MTC,1,3,"b2,3",1152,0,2,1 3,
360,Major-second Tetracluster,M2TetC2,1,4,"b2,2,3",1664,0,3,1 1 2,
361,Alternating Tetramirror,ATetM,1,4,"b2,b3,3",1408,0,2,1 2 1,
362,Major Second Tetracluster,M2TetC1,1,4,"2,b3,3",896,0,3,2 1 1,
363,Chromatic Pentamirror,C5PentM,1,5,"b2,2,b3,3",1920,0,5,1 1 1 1,
364,Incomplete Minor Seventh,-7inc,0,3,"2,4",576,0,1,2 3,
365,Minor Third Tetracluster 1,-3TetC,1,4,"b2,2,4",1600,0,3,1 1 3,
366,Seven Omit Three,7om3,1,3,"5,b7",18,0,1,7 3,Dominant Seventh Incomplete
367,Major Second Pentacluster,M2Pent,1,5,"b2,2,b3,4",1856,0,4,1 1 1 2,
369,Minor Second Major Pentachord,-2M5,1,5,"b2,2,3,4",1728,0,3,1 1 2 1,
371,Chaio,Chaio,0,5,"2,4,b6,b7",586,0,1,2 3 3 2,
372,Chan,Chan,0,5,"b3,b5,b6,b7",298,0,1,3 3 2 2,"Chin, Raga Harikauns"
373,Chromatic Dorian Inverse,CDi,1,8,"2,b3,3,4,5,b7,7",979,0,4,2 1 1 1 2 3 1,
374,Han-Kumoi,HK,0,5,"2,4,5,b6",600,0,2,2 3 2 1,"Japanese Two,Raga Shobhavari, Sutradhari"
375,Hindolita,Hin,0,5,"3,4,6,7",197,0,2,4 1 4 2,"Kaushikdhvani, Raga Bhinna Shadja, Kaushikdhvani"
376,Honchoshi Plagal Form,HPF,0,6,"b2,b3,4,b5,b7",1378,0,2,1 2 2 1 4,
377,Janasammodini,Jan,0,5,"2,3,5,b6",664,0,2,2 2 3 1,Raga Bhupeshwari
378,Raga Jayakauns,RJay,0,5,"b3,4,b5,b7",354,0,2,3 2 1 4,Kumoi Two
379,Kyemyonjo,Kyem,0,5,"b3,4,5,6",340,0,1,3 2 2 2,
380,Locrian Flat 4 Double Flat 7,Locb4bb7,0,7,"b2,b3,3,b5,b6,6",1452,0,2,1 2 1 2 2 1,
381,Maqam Huzzam,MqHuz,0,7,"b2,b3,3,5,b6,b7",1434,0,2,1 2 1 3 1 2,
382,Raga Budhamanohari,RBud,1,5,"2,3,4,5",720,0,2,2 2 1 2,
383,Rajeshwari,Raj,1,5,"b3,4,6,7",325,0,2,3 2 4 2,"Raga Chandrakauns Modern, Marga Hindola"
384,Surya,Sur,0,5,"b3,4,6,b7",326,0,2,3 2 4 1,"Varamu, Raga Chandrakauns Kafi"
385,Raga Chaundrakauns Kiravani,RCK,0,5,"b3,4,b6,7",329,0,2,3 2 3 3,
386,Raga Chitthakarshini,RChi,0,5,"b2,b3,4,b6",1352,0,2,1 2 2 3,
387,Raga Desh,RDesh,0,5,"2,4,5,7",593,0,2,2 3 2 4,
388,Raga Devaranjani,RDev,1,5,"4,5,b6,7",89,0,2,5 2 1 3,Devaranji
389,Raga Dhavalashri,RDS,0,5,"3,b5,5,6",180,0,2,4 2 1 2,
390,Bacovia,Bac,0,5,"3,4,b6,7",201,0,2,4 1 3 3,Raga Girija
391,Raga Guhamanohari,RGuh,0,5,"2,4,6,b7",582,0,2,2 3 4 1,
392,Raga Khamaj Durga,RKD,0,5,"3,4,6,b7",198,0,2,4 1 4 1,
393,Raga Kokil Pancham,RKP,0,5,"b3,4,5,b6",344,0,2,3 2 2 1,
394,Raga Kumarpriya,RKumarP,1,5,"b2,2,b6,7",1545,0,4,1 1 6 3,
395,Raga Kunkvarali,RKunt,0,5,"4,5,6,b7",86,0,2,5 2 2 1,Kuntavarali
396,Raga Matha Kokila,RMK,1,5,"2,5,6,b7",534,0,2,2 5 2 1,Matkokil
397,Raga Mohanangi,RMoh,0,5,"b3,3,5,6",404,0,2,3 1 3 2,
398,Raga Multani,RMult,0,5,"b3,b5,5,7",305,0,2,3 3 1 4,
399,Raga Mand,RMand,0,5,"3,4,5,6",212,0,2,4 1 2 2,Raga Nagasvaravali
400,Raga Neroshta,RNer,0,5,"2,3,6,7",645,0,2,2 2 5 2,
401,Raga Hindol,RHind,0,5,"3,b5,6,7",165,0,2,4 2 3 2,"Sunada Vinodini, Sanjh ka Hindol"
402,Raga Priyadarshini,RPri,1,5,"2,4,b6,7",585,0,2,2 3 3 3,
403,Purvaholika,Purv,1,5,"4,5,6,7",85,0,2,5 2 2 2,Raga Puruhutika
404,Raga Putrika,RPut,0,5,"b2,2,b6,6",1548,0,3,1 1 6 1,
405,Raga Rasranjani,RRasran,0,5,"2,4,6,7",581,0,2,2 3 4 2,
406,Madhukauns Pentatonic,MP,1,5,"b3,b5,5,b7",306,0,2,3 3 1 3,Raga Samudhra Priya
407,Varini,Var,0,5,"b3,5,b6,b7",282,0,2,3 4 1 2,Raga Shailaja
408,Raga Shri Kalyan,RSK,0,5,"2,b5,5,6",564,0,2,2 4 1 2,
409,Raga Shubravarni,RShu,0,5,"2,b5,6,7",549,0,2,2 4 3 2,
410,Hamsanada,Ham,0,5,"2,b5,5,7",561,0,2,2 4 1 4,Raga Vaijayanti
411,Raga Zilaf,RZil,0,5,"3,4,5,b6",216,0,2,4 1 2 1,
412,Raga Kashyapi,RKash,0,6,"b2,b3,5,b6,b7",1306,0,2,1 2 4 1 2,
413,Raga Kalakanthi,RKalaK,1,6,"b2,4,5,b6,6",1116,0,3,1 4 2 1 1,
414,Raga Nilangi,RNil,1,6,"2,b3,b5,b6,6",812,3,2,2 1 3 2 1,
415,Raga Nishadi,RNish,0,6,"2,b5,5,6,7",565,0,2,2 4 1 2 2,
416,Natural Seven Sus Four,n7sus4,1,4,"4,5,7",81,0,2,5 2 4,
417,Transformative,Trans,1,4,"b5,5,b7",50,0,2,6 1 3,
418,Chaos,Chaos,1,4,"b2,5,b6",1048,0,2,1 6 1,
419,French Six,F6,0,4,"3,b5,6",164,0,1,4 2 3,
420,Serotonin,Ser,1,4,"4,b6,7",73,0,2,5 3 3,
421,Dopamine,Dop,1,4,"b3,b5,7",289,0,2,3 3 5,
422,Noradrenaline,Nora,1,4,"2,b6,7",521,0,2,2 6 3,
423,Perfect Seventh,P7,1,3,"5,7",17,0,2,7 4,
424,Major Seven Omit Five,M7om5,1,3,"3,7",129,0,2,4 7,
425,Seven Omit Five,7om5,1,3,"3,b7",130,0,1,4 6,
426,Tritone Seven,T7,1,3,"b5,7",33,0,2,6 5,
427,Aug9,aug9,0,4,"b3,3,b7",386,0,2,3 1 6,
428,Dim Add Flat Six,oaddb6,0,4,"b3,b5,b6",296,0,1,3 3 2,
429,Sus Two Add Six,sus2add6,0,4,"2,5,6",532,0,1,2 5 2,
430,Sus Two Add Seven,sus2add7,0,4,"2,5,7",529,0,2,2 5 4,
431,Minor Major Chord,-M,1,4,"b3,3,5",400,0,2,3 1 3,
432,Mysterious,Myst,1,4,"b2,b3,b5",1312,0,2,1 2 3,
433,Murder,Murd,1,4,"b2,5,6",1044,0,2,1 6 2,
434,Feline,Fel,1,4,"4,6,7",69,0,2,5 4 2,
435,GermanMovie,GM,1,4,"5,b7,7",19,0,3,7 3 1,
436,Windy Morning,WM,1,3,"2,3",640,0,1,2 2,
437,Conception,Con,1,4,"2,3,b7",642,0,1,2 2 6,
438,Minor Major Triad,-MT,1,3,"b3,3",384,0,2,3 1,
439,Molokai,Molo,1,4,"b2,4,7",1089,0,3,1 4 6,
440,BigIsland,BigI,1,4,"b2,b5,7",1057,0,3,1 5 5,
441,Kauai,Kau,1,4,"b2,5,7",1041,0,3,1 6 4,
447,Lifetime,LT,1,5,"2,5,b6,7",537,0,2,2 5 1 3,
444,Psychic,Psy,1,5,"b5,5,6,b7",54,0,2,6 1 2 1,
442,Waterfall,WF,1,5,"b2,5,6,b7",1046,0,2,1 6 2 1,
445,Liquid,Liq,1,5,"b2,b3,3,6",1412,0,2,1 2 1 5,
446,Drama,Dram,1,5,"b2,b5,5,b7",1074,0,2,1 5 1 3,
448,Iron,Fe,1,5,"b2,b5,5,6",1076,0,2,1 5 1 2,
443,Tsunami,Tsu,1,5,"b5,5,6,7",53,0,2,6 1 2 2,
449,Bardo,Bardo,1,5,"b2,b3,3,5",1424,0,2,1 2 1 3,
450,Fiji,Fiji,1,5,"3,5,b6,b7",154,0,2,4 3 1 2,
451,Twilight,Twi,1,5,"b2,b3,5,6",1300,0,2,1 2 4 2,
452,Suave,Suave,1,5,"b3,3,5,b6",408,0,2,3 1 3 1,
453,Prana,Pra,1,6,"b2,b5,5,6,b7",1078,0,2,1 5 1 2 1,
454,Ethereal,Ethe,1,6,"b3,3,5,6,b7",406,0,2,3 1 3 2 1,
455,Perfection,Perf,1,5,"b2,5,6,7",1045,0,3,1 6 2 2,
456,Azure,Azure,1,5,"b2,b6,6,7",1037,0,3,1 7 1 2,
457,Coconut,Coc,1,5,"b2,b3,6,7",1285,0,3,1 2 6 2,
458,Tonga,Tong,1,5,"b2,b5,b6,7",1065,0,3,1 5 2 3,
459,Astral,Astral,1,6,"b2,b5,b6,6,7",1069,0,3,1 5 2 1 2,
460,Sumatra,Sum,1,5,"b2,3,6,7",1157,0,3,1 3 5 2,
461,Andaman,And,1,6,"b2,b3,3,6,7",1413,0,3,1 2 1 5 2,
462,Timor,Tim,1,5,"b2,b5,5,7",1073,0,3,1 5 1 4,
463,Lombok,Lom,1,6,"b2,b5,5,6,7",1077,0,3,1 5 1 2 2,
464,Borneo,Borneo,1,6,"b2,b3,b6,6,7",1293,0,3,1 2 5 1 2,
465,Putri,Put,1,5,"b2,3,b5,7",1185,0,3,1 3 2 5,
466,Halmahera,Hal,1,5,"b2,b3,b5,7",1313,0,3,1 2 3 5,
467,Galangal,Gal,1,6,"b2,b3,4,b5,7",1377,0,3,1 2 2 1 5,
468,Luzon,Luz,1,6,"b2,b3,3,b5,7",1441,0,3,1 2 1 2 5,
469,Palawan,Pal,1,5,"b2,4,6,7",1093,0,3,1 4 4 2,
470,Samar,Sam,1,5,"b2,b3,5,7",1297,0,3,1 2 4 4,
471,Bora Bora,Bora,1,5,"b2,4,b6,7",1097,0,3,1 4 3 3,
472,Nicobar,Nic,1,6,"b2,b3,3,b6,7",1417,0,3,1 2 1 4 3,
473,Skyros,Sky,1,6,"b2,4,b6,6,7",1101,0,3,1 4 3 1 2,
474,Paxos,Pax,1,7,"b2,b3,3,b6,6,7",1421,0,3,1 2 1 4 1 2,
475,Leros,Ler,1,5,"b2,3,5,7",1169,0,3,1 3 3 4,
476,Gomera,Gom,1,6,"b2,b3,3,5,7",1425,0,3,1 2 1 3 4,
477,Baltra,Baltra,1,7,"b2,b3,3,b5,5,7",1457,0,3,1 2 1 2 1 4,
478,Guguan,Gug,1,6,"b2,3,5,6,7",1173,0,3,1 3 3 2 2,
479,Guam,Guam,1,6,"b2,b3,b5,6,7",1317,0,3,1 2 3 3 2,
480,Tobago,Tob,1,6,"b2,b3,4,b6,7",1353,0,3,1 2 2 3 3,
481,Suchness,Such,1,6,"b2,3,b5,b6,7",1193,0,3,1 3 2 2 3,
482,Huahine,Hua,1,7,"b2,b3,3,5,6,7",1429,0,3,1 2 1 3 2 2,
483,Sulawesi,Sul,1,7,"b2,b3,b5,b6,6,7",1325,0,3,1 2 3 2 1 2,
484,Siberut,Sib,1,7,"b2,b3,3,b5,6,7",1445,0,3,1 2 1 2 3 2,
485,Niihau,Nii,1,5,"b2,b5,6,7",1061,0,3,1 5 3 2,
486,Makira,Mak,1,5,"b2,b3,b6,7",1289,0,3,1 2 5 3,
487,Hydrogen,H,1,5,"b2,b3,4,7",1345,0,3,1 2 2 6,
488,Helium,He,1,5,"2,b3,3,4",960,0,4,2 1 1 1,
489,Lithium,Lith,1,5,"b2,2,4,7",1601,0,4,1 1 3 6,
490,Beryllium,Ber,1,5,"b2,2,5,7",1553,0,4,1 1 5 4,
491,Boron,Bor,1,5,"b2,2,b5,7",1569,0,4,1 1 4 5,
492,Californium,Cf,1,6,"b2,2,b3,3,7",1921,0,6,1 1 1 1 7,
493,Nitrogen,Nit,1,6,"b2,2,b3,6,7",1797,0,5,1 1 1 6 2,
494,Oxygen,Oxy,1,6,"b2,2,b6,6,7",1549,0,4,1 1 6 1 2,
495,Einsteinium,Es,1,6,"b2,b3,3,4,7",1473,0,3,1 2 1 1 6,
496,Neon,Ne,1,6,"b2,2,3,4,7",1729,0,4,1 1 2 1 6,
497,Sodium,NA,1,6,"b2,2,3,b7,7",1667,0,5,1 1 2 6 1,
498,Magnesium,Mg,1,6,"b2,2,5,b7,7",1555,0,5,1 1 5 3 1,
499,Aluminum,Al,1,6,"b2,2,3,6,7",1669,0,4,1 1 2 5 2,
500,Silicon,Sil,1,6,"b2,2,5,b6,7",1561,0,4,1 1 5 1 3,
501,Phosphorus,Pho,1,6,"b2,2,4,b5,7",1633,0,4,1 1 3 1 5,
502,Sulfur,S,1,6,"b2,2,3,b5,7",1697,0,4,1 1 2 2 5,
503,Chlorine,Cl,1,6,"b2,2,4,b7,7",1603,0,5,1 1 3 5 1,
504,Manganese,Mn,1,6,"b2,2,b3,5,7",1809,0,5,1 1 1 4 4,
505,Cobalt,Co,1,6,"b2,2,b5,6,7",1573,0,4,1 1 4 3 2,
506,Nickel,Ni,1,6,"b2,2,3,b6,7",1673,0,4,1 1 2 4 3,
507,Copper,Cu,1,6,"b2,2,4,6,7",1605,0,4,1 1 3 4 2,
508,Argon,Ar,1,6,"b2,2,4,b6,7",1609,0,4,1 1 3 3 3,
509,Potassium,K,1,6,"b2,2,3,5,7",1681,0,4,1 1 2 3 4,
510,Calcium,Ca,1,6,"b2,2,b5,b6,7",1577,0,4,1 1 4 2 3,
511,Scandium,Sc,1,6,"b2,2,3,b6,b7",1674,0,3,1 1 2 4 2,
512,Titanium,Ti,1,6,"b2,2,b5,5,7",1585,0,4,1 1 4 1 4,
513,Vanadium,V,1,6,"b2,2,4,5,7",1617,0,4,1 1 3 2 4,
514,Chromium,Cr,1,7,"b2,2,b3,3,4,7",1985,0,7,1 1 1 1 1 6,
515,Zinc,Zn,1,7,"b2,2,b3,3,6,7",1925,0,6,1 1 1 1 5 2,
516,Gallium,Ga,1,7,"b2,2,b3,b6,6,7",1805,0,5,1 1 1 5 1 2,
517,Germanium,Ge,1,7,"b2,2,5,b6,6,7",1565,0,4,1 1 5 1 1 2,
518,Arsenic,As,1,7,"b2,2,3,4,b5,7",1761,0,4,1 1 2 1 1 5,
519,Selenium,Se,1,7,"b2,2,b3,4,b5,7",1889,0,5,1 1 1 2 1 5,
520,Bromine,Br,1,7,"b2,2,b3,3,b5,7",1953,0,6,1 1 1 1 2 5,
521,Krypton,Kr,1,7,"b2,2,b3,3,b6,7",1929,0,6,1 1 1 1 4 3,
522,Rubidium,Rb,1,7,"b2,2,b3,5,6,7",1813,0,5,1 1 1 4 2 2,
523,Strontium,Sr,1,7,"b2,2,b5,b6,6,7",1581,0,4,1 1 4 2 1 2,
524,Yttrium,Y,1,7,"b2,4,5,b6,6,7",1117,0,3,1 4 2 1 1 2,
525,Zirconium,Zr,1,7,"b2,2,3,4,6,7",1733,0,4,1 1 2 1 4 2,
526,Niobium,Nb,1,7,"b2,2,b3,4,6,7",1861,0,5,1 1 1 2 4 2,
527,Molybdenum,Mo,1,7,"b2,2,3,b6,6,7",1677,0,4,1 1 2 4 1 2,
528,Technetium,Tc,1,7,"b2,b3,5,b6,6,7",1309,0,3,1 2 4 1 1 2,
529,Ruthenium,Ru,1,7,"b2,2,3,4,5,7",1745,0,4,1 1 2 1 2 4,
530,Rhodium,Rh,1,7,"b2,2,b3,b5,5,7",1841,0,5,1 1 1 3 1 4,
531,Palladium,Pd,1,7,"b2,2,b3,4,5,7",1873,0,5,1 1 1 2 2 4,
532,Silver,Ag,1,7,"b2,2,b3,3,5,7",1937,0,6,1 1 1 1 3 4,
533,Cadmium,Cd,1,7,"b2,2,b3,b5,6,7",1829,0,5,1 1 1 3 3 2,
534,Indium,In,1,7,"b2,2,3,4,b6,7",1737,0,4,1 1 2 1 3 3,
535,Tin,Sn,1,7,"b2,2,b3,4,b6,7",1865,0,5,1 1 1 2 3 3,
536,Antimony,Sb,1,7,"b2,2,3,b5,6,7",1701,0,4,1 1 2 2 3 2,
537,Tellurium,Te,1,8,"b2,2,b3,3,4,b5,7",2017,0,8,1 1 1 1 1 1 5,
538,Iodine,I,1,8,"b2,2,b3,3,4,6,7",1989,0,7,1 1 1 1 1 4 2,
539,Xenon,Xe,1,8,"b2,2,b3,3,b6,6,7",1933,0,6,1 1 1 1 4 1 2,
540,Cesium,Cs,1,8,"b2,b3,3,4,b5,5,7",1521,0,5,1 2 1 1 1 1 4,
541,Barium,Ba,1,8,"b2,2,3,4,b5,5,7",1777,0,4,1 1 2 1 1 1 4,
542,Lanthanum,La,1,8,"b2,2,b3,4,b5,5,7",1905,0,5,1 1 1 2 1 1 4,
543,Cerium,Ce,1,8,"b2,2,b3,3,b5,5,7",1969,0,6,1 1 1 1 2 1 4,
544,Praseodymium,Pr,1,8,"b2,2,b3,3,4,5,7",2001,0,7,1 1 1 1 1 2 4,
545,Neodymium,Nd,1,8,"b2,2,b3,3,4,b6,7",1993,0,7,1 1 1 1 1 3 3,
546,Prometheum,Pm,1,8,"b2,2,b3,3,5,6,7",1941,0,6,1 1 1 1 3 2 2,
547,Samarium,Sm,1,8,"b2,2,b3,b5,b6,6,7",1837,0,5,1 1 1 3 2 1 2,
548,Europium,Eu,1,8,"b2,2,4,5,b6,6,7",1629,0,4,1 1 3 2 1 1 2,
549,Gadolineum,Gd,1,8,"b2,3,b5,5,b6,6,7",1213,0,4,1 3 2 1 1 1 2,
550,Terbium,Tb,1,8,"b2,2,b3,4,b5,6,7",1893,0,5,1 1 1 2 1 3 2,
551,Dysprosium,Dy,1,8,"b2,2,b3,3,b5,6,7",1957,0,6,1 1 1 1 2 3 2,
552,Holmium,Ho,1,8,"b2,2,b3,3,5,b6,7",1945,0,6,1 1 1 1 3 1 3,
553,Erbium,Er,1,8,"b2,2,b3,b5,5,6,7",1845,0,5,1 1 1 3 1 2 2,
554,Thulium,Tm,1,8,"b2,2,3,4,b6,6,7",1741,0,4,1 1 2 1 3 1 2,
555,Ytterbium,Yb,1,8,"b2,2,b3,4,b6,6,7",1869,0,5,1 1 1 2 3 1 2,
556,Lutetium,Lu,1,8,"b2,b3,3,b5,5,b6,7",1465,0,3,1 2 1 2 1 1 3,
557,Halfnium,Hf,1,8,"b2,b3,3,4,5,b6,7",1497,0,3,1 2 1 1 2 1 3,
558,Tantalum,Ta,1,8,"b2,2,3,4,5,b6,7",1753,0,4,1 1 2 1 2 1 3,
559,Tungsten,W,1,8,"b2,b3,b5,5,b6,6,7",1341,0,4,1 2 3 1 1 1 2,
560,Rhenium,Re,1,8,"b2,2,b3,4,b5,b6,7",1897,0,5,1 1 1 2 1 2 3,
561,Osmium,Os,1,8,"b2,2,b3,3,b5,b6,7",1961,0,6,1 1 1 1 2 2 3,
562,Iridium,Ir,1,8,"b2,2,b3,4,5,6,7",1877,0,5,1 1 1 2 2 2 2,
563,Platinum,Pt,1,8,"b2,b3,3,4,5,6,7",1493,0,3,1 2 1 1 2 2 2,
564,Gold,Au,1,8,"b2,b3,4,b5,b6,6,7",1389,0,3,1 2 2 1 2 1 2,
565,Mercury,Hg,1,9,"b2,2,b3,3,4,b5,5,7",2033,0,9,1 1 1 1 1 1 1 4,
566,Thalium,Tl,1,9,"b2,2,b3,3,4,b5,6,7",2021,0,8,1 1 1 1 1 1 3 2,
567,Lead,Pb,1,9,"b2,2,b3,3,4,b6,6,7",1997,0,7,1 1 1 1 1 3 1 2,
568,Bismuth,Bi,1,9,"b2,b3,3,4,b5,5,b6,7",1529,0,6,1 2 1 1 1 1 1 3,
569,Polonium,Po,1,9,"b2,2,3,4,b5,5,b6,7",1785,0,5,1 1 2 1 1 1 1 3,
570,Astatine,At,1,9,"b2,2,b3,3,b5,5,b6,7",1977,0,6,1 1 1 1 2 1 1 3,
571,Radon,Rn,1,9,"b2,2,b3,3,4,5,b6,7",2009,0,7,1 1 1 1 1 2 1 3,
572,Francium,Fr,1,9,"b2,2,b3,3,4,b5,b6,7",2025,0,8,1 1 1 1 1 1 2 3,
573,Radium,Ra,1,9,"b2,2,b3,3,4,5,6,7",2005,0,7,1 1 1 1 1 2 2 2,
574,Actinium,Ac,1,9,"b2,b3,3,4,b5,5,b6,b7",1530,0,6,1 2 1 1 1 1 1 2,
575,Thorium,Th,1,9,"b2,b3,3,4,b5,5,6,7",1525,0,5,1 2 1 1 1 1 2 2,
576,Protactinium,Pa,1,10,"b2,2,b3,3,4,b5,5,b6,7",2041,0,10,1 1 1 1 1 1 1 1 3,
577,Uranium,U,1,10,"b2,2,b3,3,4,b5,5,6,7",2037,0,9,1 1 1 1 1 1 1 2 2,
578,Neptunium,Np,1,10,"b2,b3,3,4,b5,5,b6,6,b7",1534,0,8,1 2 1 1 1 1 1 1 1,
579,Berkelium,Bk,1,11,"b2,2,b3,3,4,b5,5,b6,6,7",2045,0,11,1 1 1 1 1 1 1 1 1 2,
580,Perfect Union,PU,1,1,,0,0,1,,
581,Minor-Third Tetracluster,-3Tet,0,0,"b3,3,4",448,0,3,,
